Date,Branch,Class,Student,Status,Marked By,Time
2026-09-29,AI,3,Dhruv,Absent,,
2026-09-29,AI,3,amit shah,Absent,,
2026-09-29,AI,3,barack obama,Absent,,
2026-09-29,AI,3,colin powell,Absent,,
2026-09-29,AI,3,donald trump,Absent,,
2026-09-29,AI,3,joe biden,Absent,,
2026-09-29,AI,3,narendra modi,Absent,,
2026-09-29,AI,3,priyanshu,Present,scan,21:37:28
2026-09-29,AI,3,putin,Absent,,
2026-09-29,AI,3,rishi sunak,Absent,,
2026-09-29,AI,3,shivang,Present,scan,21:37:28
2026-09-29,AI,3,volodymyr zelensky,Absent,,
2026-09-29,AI,3,xi jinping,Absent,,
